Postcode,Region,RegionA,Area
1579,Central & Northern Sydney,C+N Sydney,Metro
2000,Central & Northern Sydney,C+N Sydney,Metro
2001,Central & Northern Sydney,C+N Sydney,Metro
2002,Central & Northern Sydney,C+N Sydney,Metro
2003,Central & Northern Sydney,C+N Sydney,Metro
2004,Central & Northern Sydney,C+N Sydney,Metro
2005,Central & Northern Sydney,C+N Sydney,Metro
2006,Central & Northern Sydney,C+N Sydney,Metro
2007,Central & Northern Sydney,C+N Sydney,Metro
2008,Central & Northern Sydney,C+N Sydney,Metro
2009,Central & Northern Sydney,C+N Sydney,Metro
2010,Central & Northern Sydney,C+N Sydney,Metro
2011,Central & Northern Sydney,C+N Sydney,Metro
2012,Central & Northern Sydney,C+N Sydney,Metro
2013,Central & Northern Sydney,C+N Sydney,Metro
2014,Central & Northern Sydney,C+N Sydney,Metro
2015,Central & Northern Sydney,C+N Sydney,Metro
2016,Central & Northern Sydney,C+N Sydney,Metro
2017,Central & Northern Sydney,C+N Sydney,Metro
2018,Central & Northern Sydney,C+N Sydney,Metro
2019,Central & Northern Sydney,C+N Sydney,Metro
2020,Southern & South Western Sydney,S+SW Sydney,Metro
2021,Central & Northern Sydney,C+N Sydney,Metro
2022,Central & Northern Sydney,C+N Sydney,Metro
2023,Central & Northern Sydney,C+N Sydney,Metro
2024,Central & Northern Sydney,C+N Sydney,Metro
2025,Central & Northern Sydney,C+N Sydney,Metro
2026,Central & Northern Sydney,C+N Sydney,Metro
2027,Central & Northern Sydney,C+N Sydney,Metro
2028,Central & Northern Sydney,C+N Sydney,Metro
2029,Central & Northern Sydney,C+N Sydney,Metro
2030,Central & Northern Sydney,C+N Sydney,Metro
2031,Central & Northern Sydney,C+N Sydney,Metro
2032,Central & Northern Sydney,C+N Sydney,Metro
2033,Central & Northern Sydney,C+N Sydney,Metro
2034,Central & Northern Sydney,C+N Sydney,Metro
2035,Central & Northern Sydney,C+N Sydney,Metro
2036,Central & Northern Sydney,C+N Sydney,Metro
2037,Central & Northern Sydney,C+N Sydney,Metro
2038,Western Sydney & Blue Mountains,W Sydney +BM,Metro
2039,Western Sydney & Blue Mountains,W Sydney +BM,Metro
2040,Western Sydney & Blue Mountains,W Sydney +BM,Metro
2041,Western Sydney & Blue Mountains,W Sydney +BM,Metro
2042,Central & Northern Sydney,C+N Sydney,Metro
2043,Central & Northern Sydney,C+N Sydney,Metro
2044,Central & Northern Sydney,C+N Sydney,Metro
2045,Western Sydney & Blue Mountains,W Sydney +BM,Metro
2046,Western Sydney & Blue Mountains,W Sydney +BM,Metro
2047,Western Sydney & Blue Mountains,W Sydney +BM,Metro
2048,Central & Northern Sydney,C+N Sydney,Metro
2049,Southern & South Western Sydney,S+SW Sydney,Metro
2050,Central & Northern Sydney,C+N Sydney,Metro
2052,Central & Northern Sydney,C+N Sydney,Metro
2053,Central & Northern Sydney,C+N Sydney,Metro
2054,Central & Northern Sydney,C+N Sydney,Metro
2055,Central & Northern Sydney,C+N Sydney,Metro
2056,Central & Northern Sydney,C+N Sydney,Metro
2057,Central & Northern Sydney,C+N Sydney,Metro
2058,Central & Northern Sydney,C+N Sydney,Metro
2059,Central & Northern Sydney,C+N Sydney,Metro
2060,Central & Northern Sydney,C+N Sydney,Metro
2061,Central & Northern Sydney,C+N Sydney,Metro
2062,Central & Northern Sydney,C+N Sydney,Metro
2063,Central & Northern Sydney,C+N Sydney,Metro
2064,Central & Northern Sydney,C+N Sydney,Metro
2065,Central & Northern Sydney,C+N Sydney,Metro
2066,Central & Northern Sydney,C+N Sydney,Metro
2067,Central & Northern Sydney,C+N Sydney,Metro
2068,Central & Northern Sydney,C+N Sydney,Metro
2069,Central & Northern Sydney,C+N Sydney,Metro
2070,Central & Northern Sydney,C+N Sydney,Metro
2071,Central & Northern Sydney,C+N Sydney,Metro
2072,Central & Northern Sydney,C+N Sydney,Metro
2073,Central & Northern Sydney,C+N Sydney,Metro
2074,Central & Northern Sydney,C+N Sydney,Metro
2075,Central & Northern Sydney,C+N Sydney,Metro
2076,Central & Northern Sydney,C+N Sydney,Metro
2077,Central & Northern Sydney,C+N Sydney,Metro
2078,Central & Northern Sydney,C+N Sydney,Metro
2079,Central & Northern Sydney,C+N Sydney,Metro
2080,Central & Northern Sydney,C+N Sydney,Metro
2081,Central & Northern Sydney,C+N Sydney,Metro
2082,Central & Northern Sydney,C+N Sydney,Metro
2083,Central & Northern Sydney,C+N Sydney,Metro
2084,Central & Northern Sydney,C+N Sydney,Metro
2085,Central & Northern Sydney,C+N Sydney,Metro
2086,Central & Northern Sydney,C+N Sydney,Metro
2087,Central & Northern Sydney,C+N Sydney,Metro
2088,Central & Northern Sydney,C+N Sydney,Metro
2089,Central & Northern Sydney,C+N Sydney,Metro
2090,Central & Northern Sydney,C+N Sydney,Metro
2091,Central & Northern Sydney,C+N Sydney,Metro
2092,Central & Northern Sydney,C+N Sydney,Metro
2093,Central & Northern Sydney,C+N Sydney,Metro
2094,Central & Northern Sydney,C+N Sydney,Metro
2095,Central & Northern Sydney,C+N Sydney,Metro
2096,Central & Northern Sydney,C+N Sydney,Metro
2097,Central & Northern Sydney,C+N Sydney,Metro
2098,Central & Northern Sydney,C+N Sydney,Metro
2099,Central & Northern Sydney,C+N Sydney,Metro
2100,Central & Northern Sydney,C+N Sydney,Metro
2101,Central & Northern Sydney,C+N Sydney,Metro
2102,Central & Northern Sydney,C+N Sydney,Metro
2103,Central & Northern Sydney,C+N Sydney,Metro
2104,Central & Northern Sydney,C+N Sydney,Metro
2105,Central & Northern Sydney,C+N Sydney,Metro
2106,Central & Northern Sydney,C+N Sydney,Metro
2107,Central & Northern Sydney,C+N Sydney,Metro
2108,Central & Northern Sydney,C+N Sydney,Metro
2109,Central & Northern Sydney,C+N Sydney,Metro
2110,Central & Northern Sydney,C+N Sydney,Metro
2111,Central & Northern Sydney,C+N Sydney,Metro
2112,Central & Northern Sydney,C+N Sydney,Metro
2113,Central & Northern Sydney,C+N Sydney,Metro
2114,Central & Northern Sydney,C+N Sydney,Metro
2115,Western Sydney & Blue Mountains,W Sydney +BM,Metro
2116,Western Sydney & Blue Mountains,W Sydney +BM,Metro
2117,Western Sydney & Blue Mountains,W Sydney +BM,Metro
2118,Western Sydney & Blue Mountains,W Sydney +BM,Metro
2119,Central & Northern Sydney,C+N Sydney,Metro
2120,Central & Northern Sydney,C+N Sydney,Metro
2121,Central & Northern Sydney,C+N Sydney,Metro
2122,Central & Northern Sydney,C+N Sydney,Metro
2123,Western Sydney & Blue Mountains,W Sydney +BM,Metro
2124,Western Sydney & Blue Mountains,W Sydney +BM,Metro
2125,Western Sydney & Blue Mountains,W Sydney +BM,Metro
2126,Central & Northern Sydney,C+N Sydney,Metro
2127,Western Sydney & Blue Mountains,W Sydney +BM,Metro
2128,Western Sydney & Blue Mountains,W Sydney +BM,Metro
2130,Southern & South Western Sydney,S+SW Sydney,Metro
2131,Southern & South Western Sydney,S+SW Sydney,Metro
2132,Southern & South Western Sydney,S+SW Sydney,Metro
2133,Southern & South Western Sydney,S+SW Sydney,Metro
2134,Southern & South Western Sydney,S+SW Sydney,Metro
2135,Southern & South Western Sydney,S+SW Sydney,Metro
2136,Southern & South Western Sydney,S+SW Sydney,Metro
2137,Western Sydney & Blue Mountains,W Sydney +BM,Metro
2138,Western Sydney & Blue Mountains,W Sydney +BM,Metro
2139,Western Sydney & Blue Mountains,W Sydney +BM,Metro
2140,Western Sydney & Blue Mountains,W Sydney +BM,Metro
2141,Southern & South Western Sydney,S+SW Sydney,Metro
2142,Western Sydney & Blue Mountains,W Sydney +BM,Metro
2143,Southern & South Western Sydney,S+SW Sydney,Metro
2144,Western Sydney & Blue Mountains,W Sydney +BM,Metro
2145,Western Sydney & Blue Mountains,W Sydney +BM,Metro
2146,Western Sydney & Blue Mountains,W Sydney +BM,Metro
2147,Western Sydney & Blue Mountains,W Sydney +BM,Metro
2148,Western Sydney & Blue Mountains,W Sydney +BM,Metro
2149,Western Sydney & Blue Mountains,W Sydney +BM,Metro
2150,Western Sydney & Blue Mountains,W Sydney +BM,Metro
2151,Western Sydney & Blue Mountains,W Sydney +BM,Metro
2152,Western Sydney & Blue Mountains,W Sydney +BM,Metro
2153,Western Sydney & Blue Mountains,W Sydney +BM,Metro
2154,Western Sydney & Blue Mountains,W Sydney +BM,Metro
2155,Western Sydney & Blue Mountains,W Sydney +BM,Metro
2156,Western Sydney & Blue Mountains,W Sydney +BM,Metro
2157,Western Sydney & Blue Mountains,W Sydney +BM,Metro
2158,Western Sydney & Blue Mountains,W Sydney +BM,Metro
2159,Central & Northern Sydney,C+N Sydney,Metro
2160,Western Sydney & Blue Mountains,W Sydney +BM,Metro
2161,Southern & South Western Sydney,S+SW Sydney,Metro
2162,Southern & South Western Sydney,S+SW Sydney,Metro
2163,Southern & South Western Sydney,S+SW Sydney,Metro
2164,Southern & South Western Sydney,S+SW Sydney,Metro
2165,Southern & South Western Sydney,S+SW Sydney,Metro
2166,Southern & South Western Sydney,S+SW Sydney,Metro
2167,Southern & South Western Sydney,S+SW Sydney,Metro
2168,Southern & South Western Sydney,S+SW Sydney,Metro
2169,Southern & South Western Sydney,S+SW Sydney,Metro
2170,Southern & South Western Sydney,S+SW Sydney,Metro
2171,Southern & South Western Sydney,S+SW Sydney,Metro
2172,Southern & South Western Sydney,S+SW Sydney,Metro
2173,Southern & South Western Sydney,S+SW Sydney,Metro
2174,Southern & South Western Sydney,S+SW Sydney,Metro
2175,Southern & South Western Sydney,S+SW Sydney,Metro
2176,Southern & South Western Sydney,S+SW Sydney,Metro
2177,Southern & South Western Sydney,S+SW Sydney,Metro
2178,Southern & South Western Sydney,S+SW Sydney,Metro
2179,Southern & South Western Sydney,S+SW Sydney,Metro
2190,Southern & South Western Sydney,S+SW Sydney,Metro
2191,Southern & South Western Sydney,S+SW Sydney,Metro
2192,Southern & South Western Sydney,S+SW Sydney,Metro
2193,Southern & South Western Sydney,S+SW Sydney,Metro
2194,Southern & South Western Sydney,S+SW Sydney,Metro
2195,Southern & South Western Sydney,S+SW Sydney,Metro
2196,Southern & South Western Sydney,S+SW Sydney,Metro
2197,Southern & South Western Sydney,S+SW Sydney,Metro
2198,Southern & South Western Sydney,S+SW Sydney,Metro
2199,Southern & South Western Sydney,S+SW Sydney,Metro
2200,Southern & South Western Sydney,S+SW Sydney,Metro
2201,Southern & South Western Sydney,S+SW Sydney,Metro
2202,Southern & South Western Sydney,S+SW Sydney,Metro
2203,Southern & South Western Sydney,S+SW Sydney,Metro
2204,Central & Northern Sydney,C+N Sydney,Metro
2205,Southern & South Western Sydney,S+SW Sydney,Metro
2206,Southern & South Western Sydney,S+SW Sydney,Metro
2207,Southern & South Western Sydney,S+SW Sydney,Metro
2208,Southern & South Western Sydney,S+SW Sydney,Metro
2209,Southern & South Western Sydney,S+SW Sydney,Metro
2210,Southern & South Western Sydney,S+SW Sydney,Metro
2211,Southern & South Western Sydney,S+SW Sydney,Metro
2212,Southern & South Western Sydney,S+SW Sydney,Metro
2213,Southern & South Western Sydney,S+SW Sydney,Metro
2214,Southern & South Western Sydney,S+SW Sydney,Metro
2215,Southern & South Western Sydney,S+SW Sydney,Metro
2216,Southern & South Western Sydney,S+SW Sydney,Metro
2217,Southern & South Western Sydney,S+SW Sydney,Metro
2218,Southern & South Western Sydney,S+SW Sydney,Metro
2219,Southern & South Western Sydney,S+SW Sydney,Metro
2220,Southern & South Western Sydney,S+SW Sydney,Metro
2221,Southern & South Western Sydney,S+SW Sydney,Metro
2222,Southern & South Western Sydney,S+SW Sydney,Metro
2223,Southern & South Western Sydney,S+SW Sydney,Metro
2224,Southern & South Western Sydney,S+SW Sydney,Metro
2225,Southern & South Western Sydney,S+SW Sydney,Metro
2226,Southern & South Western Sydney,S+SW Sydney,Metro
2227,Southern & South Western Sydney,S+SW Sydney,Metro
2228,Southern & South Western Sydney,S+SW Sydney,Metro
2229,Southern & South Western Sydney,S+SW Sydney,Metro
2230,Southern & South Western Sydney,S+SW Sydney,Metro
2231,Southern & South Western Sydney,S+SW Sydney,Metro
2232,Southern & South Western Sydney,S+SW Sydney,Metro
2233,Southern & South Western Sydney,S+SW Sydney,Metro
2234,Southern & South Western Sydney,S+SW Sydney,Metro
2250,Hunter & Central Coast,Hunter+CC,Coastal
2251,Hunter & Central Coast,Hunter+CC,Coastal
2252,Hunter & Central Coast,Hunter+CC,Coastal
2253,Hunter & Central Coast,Hunter+CC,Coastal
2254,Hunter & Central Coast,Hunter+CC,Coastal
2255,Hunter & Central Coast,Hunter+CC,Coastal
2256,Hunter & Central Coast,Hunter+CC,Coastal
2257,Hunter & Central Coast,Hunter+CC,Coastal
2258,Hunter & Central Coast,Hunter+CC,Coastal
2259,Hunter & Central Coast,Hunter+CC,Coastal
2260,Hunter & Central Coast,Hunter+CC,Coastal
2261,Hunter & Central Coast,Hunter+CC,Coastal
2262,Hunter & Central Coast,Hunter+CC,Coastal
2263,Hunter & Central Coast,Hunter+CC,Coastal
2264,Hunter & Central Coast,Hunter+CC,Coastal
2265,Hunter & Central Coast,Hunter+CC,Coastal
2266,Hunter & Central Coast,Hunter+CC,Coastal
2267,Hunter & Central Coast,Hunter+CC,Coastal
2268,Hunter & Central Coast,Hunter+CC,Coastal
2269,Hunter & Central Coast,Hunter+CC,Coastal
2270,Hunter & Central Coast,Hunter+CC,Coastal
2271,Hunter & Central Coast,Hunter+CC,Coastal
2272,Hunter & Central Coast,Hunter+CC,Coastal
2273,Hunter & Central Coast,Hunter+CC,Coastal
2274,Hunter & Central Coast,Hunter+CC,Coastal
2275,Hunter & Central Coast,Hunter+CC,Coastal
2276,Hunter & Central Coast,Hunter+CC,Coastal
2277,Hunter & Central Coast,Hunter+CC,Coastal
2278,Hunter & Central Coast,Hunter+CC,Coastal
2279,Hunter & Central Coast,Hunter+CC,Coastal
2280,Hunter & Central Coast,Hunter+CC,Coastal
2281,Hunter & Central Coast,Hunter+CC,Coastal
2282,Hunter & Central Coast,Hunter+CC,Coastal
2283,Hunter & Central Coast,Hunter+CC,Coastal
2284,Hunter & Central Coast,Hunter+CC,Coastal
2285,Hunter & Central Coast,Hunter+CC,Coastal
2286,Hunter & Central Coast,Hunter+CC,Coastal
2287,Hunter & Central Coast,Hunter+CC,Coastal
2288,Hunter & Central Coast,Hunter+CC,Coastal
2289,Hunter & Central Coast,Hunter+CC,Coastal
2290,Hunter & Central Coast,Hunter+CC,Coastal
2291,Hunter & Central Coast,Hunter+CC,Coastal
2292,Hunter & Central Coast,Hunter+CC,Coastal
2293,Hunter & Central Coast,Hunter+CC,Coastal
2294,Hunter & Central Coast,Hunter+CC,Coastal
2295,Hunter & Central Coast,Hunter+CC,Coastal
2296,Hunter & Central Coast,Hunter+CC,Coastal
2297,Hunter & Central Coast,Hunter+CC,Coastal
2298,Hunter & Central Coast,Hunter+CC,Coastal
2299,Hunter & Central Coast,Hunter+CC,Coastal
2300,Hunter & Central Coast,Hunter+CC,Coastal
2301,Hunter & Central Coast,Hunter+CC,Coastal
2302,Hunter & Central Coast,Hunter+CC,Coastal
2303,Hunter & Central Coast,Hunter+CC,Coastal
2304,Hunter & Central Coast,Hunter+CC,Coastal
2305,Hunter & Central Coast,Hunter+CC,Coastal
2306,Hunter & Central Coast,Hunter+CC,Coastal
2307,Hunter & Central Coast,Hunter+CC,Coastal
2308,Hunter & Central Coast,Hunter+CC,Coastal
2309,Hunter & Central Coast,Hunter+CC,Coastal
2310,Hunter & Central Coast,Hunter+CC,Coastal
2311,Hunter & Central Coast,Hunter+CC,Coastal
2312,North Coast & Mid North Coast,N+MN Coast,Coastal
2313,Hunter & Central Coast,Hunter+CC,Coastal
2314,Hunter & Central Coast,Hunter+CC,Coastal
2315,Hunter & Central Coast,Hunter+CC,Coastal
2316,Hunter & Central Coast,Hunter+CC,Coastal
2317,Hunter & Central Coast,Hunter+CC,Coastal
2318,Hunter & Central Coast,Hunter+CC,Coastal
2319,Hunter & Central Coast,Hunter+CC,Coastal
2320,Hunter & Central Coast,Hunter+CC,Coastal
2321,Hunter & Central Coast,Hunter+CC,Coastal
2322,Hunter & Central Coast,Hunter+CC,Coastal
2323,Hunter & Central Coast,Hunter+CC,Coastal
2324,Hunter & Central Coast,Hunter+CC,Coastal
2325,Hunter & Central Coast,Hunter+CC,Coastal
2326,Hunter & Central Coast,Hunter+CC,Coastal
2327,Hunter & Central Coast,Hunter+CC,Coastal
2328,Hunter & Central Coast,Hunter+CC,Coastal
2329,Hunter & Central Coast,Hunter+CC,Coastal
2330,Hunter & Central Coast,Hunter+CC,Coastal
2331,Hunter & Central Coast,Hunter+CC,Coastal
2332,Hunter & Central Coast,Hunter+CC,Coastal
2333,Hunter & Central Coast,Hunter+CC,Coastal
2334,Hunter & Central Coast,Hunter+CC,Coastal
2335,Hunter & Central Coast,Hunter+CC,Coastal
2336,Hunter & Central Coast,Hunter+CC,Coastal
2337,Hunter & Central Coast,Hunter+CC,Coastal
2338,Hunter & Central Coast,Hunter+CC,Coastal
2339,Hunter & Central Coast,Hunter+CC,Coastal
2340,New England,New England,Inland
2341,New England,New England,Inland
2342,New England,New England,Inland
2343,New England,New England,Inland
2344,New England,New England,Inland
2345,New England,New England,Inland
2346,New England,New England,Inland
2347,New England,New England,Inland
2348,New England,New England,Inland
2349,New England,New England,Inland
2350,New England,New England,Inland
2351,New England,New England,Inland
2352,New England,New England,Inland
2353,New England,New England,Inland
2354,New England,New England,Inland
2355,New England,New England,Inland
2356,New England,New England,Inland
2357,New England,New England,Inland
2358,New England,New England,Inland
2359,New England,New England,Inland
2360,New England,New England,Inland
2361,New England,New England,Inland
2362,New England,New England,Inland
2363,New England,New England,Inland
2364,New England,New England,Inland
2365,New England,New England,Inland
2366,New England,New England,Inland
2367,New England,New England,Inland
2368,New England,New England,Inland
2369,New England,New England,Inland
2370,New England,New England,Inland
2371,New England,New England,Inland
2372,New England,New England,Inland
2373,New England,New England,Inland
2374,New England,New England,Inland
2375,New England,New England,Inland
2376,New England,New England,Inland
2377,New England,New England,Inland
2378,New England,New England,Inland
2379,New England,New England,Inland
2380,New England,New England,Inland
2381,New England,New England,Inland
2382,New England,New England,Inland
2383,New England,New England,Inland
2384,New England,New England,Inland
2385,New England,New England,Inland
2386,Western NSW,Western NSW,Inland
2387,Western NSW,Western NSW,Inland
2388,New England,New England,Inland
2389,New England,New England,Inland
2390,New England,New England,Inland
2391,New England,New England,Inland
2392,New England,New England,Inland
2393,New England,New England,Inland
2394,New England,New England,Inland
2395,New England,New England,Inland
2396,New England,New England,Inland
2397,New England,New England,Inland
2398,New England,New England,Inland
2399,New England,New England,Inland
2400,New England,New England,Inland
2401,New England,New England,Inland
2402,New England,New England,Inland
2403,New England,New England,Inland
2404,New England,New England,Inland
2405,New England,New England,Inland
2406,New England,New England,Inland
2407,New England,New England,Inland
2408,New England,New England,Inland
2409,New England,New England,Inland
2410,New England,New England,Inland
2411,New England,New England,Inland
2415,Hunter & Central Coast,Hunter+CC,Coastal
2416,Hunter & Central Coast,Hunter+CC,Coastal
2417,Hunter & Central Coast,Hunter+CC,Coastal
2418,Hunter & Central Coast,Hunter+CC,Coastal
2419,Hunter & Central Coast,Hunter+CC,Coastal
2420,Hunter & Central Coast,Hunter+CC,Coastal
2421,Hunter & Central Coast,Hunter+CC,Coastal
2422,Hunter & Central Coast,Hunter+CC,Coastal
2423,Hunter & Central Coast,Hunter+CC,Coastal
2424,Hunter & Central Coast,Hunter+CC,Coastal
2425,Hunter & Central Coast,Hunter+CC,Coastal
2426,North Coast & Mid North Coast,N+MN Coast,Coastal
2427,North Coast & Mid North Coast,N+MN Coast,Coastal
2428,North Coast & Mid North Coast,N+MN Coast,Coastal
2429,North Coast & Mid North Coast,N+MN Coast,Coastal
2430,North Coast & Mid North Coast,N+MN Coast,Coastal
2431,North Coast & Mid North Coast,N+MN Coast,Coastal
2432,North Coast & Mid North Coast,N+MN Coast,Coastal
2433,North Coast & Mid North Coast,N+MN Coast,Coastal
2434,North Coast & Mid North Coast,N+MN Coast,Coastal
2435,North Coast & Mid North Coast,N+MN Coast,Coastal
2436,North Coast & Mid North Coast,N+MN Coast,Coastal
2437,North Coast & Mid North Coast,N+MN Coast,Coastal
2438,North Coast & Mid North Coast,N+MN Coast,Coastal
2439,North Coast & Mid North Coast,N+MN Coast,Coastal
2440,North Coast & Mid North Coast,N+MN Coast,Coastal
2441,North Coast & Mid North Coast,N+MN Coast,Coastal
2442,North Coast & Mid North Coast,N+MN Coast,Coastal
2443,North Coast & Mid North Coast,N+MN Coast,Coastal
2444,North Coast & Mid North Coast,N+MN Coast,Coastal
2445,North Coast & Mid North Coast,N+MN Coast,Coastal
2446,North Coast & Mid North Coast,N+MN Coast,Coastal
2447,North Coast & Mid North Coast,N+MN Coast,Coastal
2448,North Coast & Mid North Coast,N+MN Coast,Coastal
2449,North Coast & Mid North Coast,N+MN Coast,Coastal
2450,North Coast & Mid North Coast,N+MN Coast,Coastal
2451,North Coast & Mid North Coast,N+MN Coast,Coastal
2452,North Coast & Mid North Coast,N+MN Coast,Coastal
2453,North Coast & Mid North Coast,N+MN Coast,Coastal
2454,North Coast & Mid North Coast,N+MN Coast,Coastal
2455,North Coast & Mid North Coast,N+MN Coast,Coastal
2456,North Coast & Mid North Coast,N+MN Coast,Coastal
2460,North Coast & Mid North Coast,N+MN Coast,Coastal
2461,North Coast & Mid North Coast,N+MN Coast,Coastal
2462,North Coast & Mid North Coast,N+MN Coast,Coastal
2463,North Coast & Mid North Coast,N+MN Coast,Coastal
2464,North Coast & Mid North Coast,N+MN Coast,Coastal
2465,North Coast & Mid North Coast,N+MN Coast,Coastal
2466,North Coast & Mid North Coast,N+MN Coast,Coastal
2467,North Coast & Mid North Coast,N+MN Coast,Coastal
2468,North Coast & Mid North Coast,N+MN Coast,Coastal
2469,North Coast & Mid North Coast,N+MN Coast,Coastal
2470,North Coast & Mid North Coast,N+MN Coast,Coastal
2471,North Coast & Mid North Coast,N+MN Coast,Coastal
2472,North Coast & Mid North Coast,N+MN Coast,Coastal
2473,North Coast & Mid North Coast,N+MN Coast,Coastal
2474,North Coast & Mid North Coast,N+MN Coast,Coastal
2475,New England,New England,Inland
2476,North Coast & Mid North Coast,N+MN Coast,Coastal
2477,North Coast & Mid North Coast,N+MN Coast,Coastal
2478,North Coast & Mid North Coast,N+MN Coast,Coastal
2479,North Coast & Mid North Coast,N+MN Coast,Coastal
2480,North Coast & Mid North Coast,N+MN Coast,Coastal
2481,North Coast & Mid North Coast,N+MN Coast,Coastal
2482,North Coast & Mid North Coast,N+MN Coast,Coastal
2483,North Coast & Mid North Coast,N+MN Coast,Coastal
2484,North Coast & Mid North Coast,N+MN Coast,Coastal
2485,North Coast & Mid North Coast,N+MN Coast,Coastal
2486,North Coast & Mid North Coast,N+MN Coast,Coastal
2487,North Coast & Mid North Coast,N+MN Coast,Coastal
2488,North Coast & Mid North Coast,N+MN Coast,Coastal
2489,North Coast & Mid North Coast,N+MN Coast,Coastal
2490,North Coast & Mid North Coast,N+MN Coast,Coastal
2500,Illawarra & South East NSW,Illawarra+SE,Coastal
2501,Illawarra & South East NSW,Illawarra+SE,Coastal
2502,Illawarra & South East NSW,Illawarra+SE,Coastal
2503,Illawarra & South East NSW,Illawarra+SE,Coastal
2504,Illawarra & South East NSW,Illawarra+SE,Coastal
2505,Illawarra & South East NSW,Illawarra+SE,Coastal
2506,Illawarra & South East NSW,Illawarra+SE,Coastal
2507,Illawarra & South East NSW,Illawarra+SE,Coastal
2508,Illawarra & South East NSW,Illawarra+SE,Coastal
2509,Illawarra & South East NSW,Illawarra+SE,Coastal
2510,Illawarra & South East NSW,Illawarra+SE,Coastal
2511,Illawarra & South East NSW,Illawarra+SE,Coastal
2512,Illawarra & South East NSW,Illawarra+SE,Coastal
2513,Illawarra & South East NSW,Illawarra+SE,Coastal
2514,Illawarra & South East NSW,Illawarra+SE,Coastal
2515,Illawarra & South East NSW,Illawarra+SE,Coastal
2516,Illawarra & South East NSW,Illawarra+SE,Coastal
2517,Illawarra & South East NSW,Illawarra+SE,Coastal
2518,Illawarra & South East NSW,Illawarra+SE,Coastal
2519,Illawarra & South East NSW,Illawarra+SE,Coastal
2520,Illawarra & South East NSW,Illawarra+SE,Coastal
2521,Illawarra & South East NSW,Illawarra+SE,Coastal
2522,Illawarra & South East NSW,Illawarra+SE,Coastal
2523,Illawarra & South East NSW,Illawarra+SE,Coastal
2524,Illawarra & South East NSW,Illawarra+SE,Coastal
2525,Illawarra & South East NSW,Illawarra+SE,Coastal
2526,Illawarra & South East NSW,Illawarra+SE,Coastal
2527,Illawarra & South East NSW,Illawarra+SE,Coastal
2528,Illawarra & South East NSW,Illawarra+SE,Coastal
2529,Illawarra & South East NSW,Illawarra+SE,Coastal
2530,Illawarra & South East NSW,Illawarra+SE,Coastal
2531,Illawarra & South East NSW,Illawarra+SE,Coastal
2532,Illawarra & South East NSW,Illawarra+SE,Coastal
2533,Illawarra & South East NSW,Illawarra+SE,Coastal
2534,Illawarra & South East NSW,Illawarra+SE,Coastal
2535,Illawarra & South East NSW,Illawarra+SE,Coastal
2536,Illawarra & South East NSW,Illawarra+SE,Coastal
2537,Illawarra & South East NSW,Illawarra+SE,Coastal
2538,Illawarra & South East NSW,Illawarra+SE,Coastal
2539,Illawarra & South East NSW,Illawarra+SE,Coastal
2540,Illawarra & South East NSW,Illawarra+SE,Coastal
2541,Illawarra & South East NSW,Illawarra+SE,Coastal
2542,Illawarra & South East NSW,Illawarra+SE,Coastal
2543,Illawarra & South East NSW,Illawarra+SE,Coastal
2544,Illawarra & South East NSW,Illawarra+SE,Coastal
2545,Illawarra & South East NSW,Illawarra+SE,Coastal
2546,Illawarra & South East NSW,Illawarra+SE,Coastal
2547,Illawarra & South East NSW,Illawarra+SE,Coastal
2548,Illawarra & South East NSW,Illawarra+SE,Coastal
2549,Illawarra & South East NSW,Illawarra+SE,Coastal
2550,Illawarra & South East NSW,Illawarra+SE,Coastal
2551,Illawarra & South East NSW,Illawarra+SE,Coastal
2555,Southern & South Western Sydney,S+SW Sydney,Metro
2556,Southern & South Western Sydney,S+SW Sydney,Metro
2557,Southern & South Western Sydney,S+SW Sydney,Metro
2558,Southern & South Western Sydney,S+SW Sydney,Metro
2559,Southern & South Western Sydney,S+SW Sydney,Metro
2560,Southern & South Western Sydney,S+SW Sydney,Metro
2563,Southern & South Western Sydney,S+SW Sydney,Metro
2564,Southern & South Western Sydney,S+SW Sydney,Metro
2565,Southern & South Western Sydney,S+SW Sydney,Metro
2566,Southern & South Western Sydney,S+SW Sydney,Metro
2567,Southern & South Western Sydney,S+SW Sydney,Metro
2568,Southern & South Western Sydney,S+SW Sydney,Metro
2569,Southern & South Western Sydney,S+SW Sydney,Metro
2570,Southern & South Western Sydney,S+SW Sydney,Metro
2571,Southern & South Western Sydney,S+SW Sydney,Metro
2572,Southern & South Western Sydney,S+SW Sydney,Metro
2573,Southern & South Western Sydney,S+SW Sydney,Metro
2574,Southern & South Western Sydney,S+SW Sydney,Metro
2575,Illawarra & South East NSW,Illawarra+SE,Coastal
2576,Illawarra & South East NSW,Illawarra+SE,Coastal
2577,Illawarra & South East NSW,Illawarra+SE,Coastal
2578,Illawarra & South East NSW,Illawarra+SE,Coastal
2579,Illawarra & South East NSW,Illawarra+SE,Coastal
2580,Illawarra & South East NSW,Illawarra+SE,Coastal
2581,Illawarra & South East NSW,Illawarra+SE,Coastal
2582,Illawarra & South East NSW,Illawarra+SE,Coastal
2583,Illawarra & South East NSW,Illawarra+SE,Coastal
2584,Illawarra & South East NSW,Illawarra+SE,Coastal
2585,Riverina,Riverina,Inland
2586,Riverina,Riverina,Inland
2587,Riverina,Riverina,Inland
2588,Riverina,Riverina,Inland
2589,Riverina,Riverina,Inland
2590,Riverina,Riverina,Inland
2591,Riverina,Riverina,Inland
2592,Riverina,Riverina,Inland
2593,Riverina,Riverina,Inland
2594,Riverina,Riverina,Inland
2600,Illawarra & South East NSW,Illawarra+SE,Coastal
2601,Illawarra & South East NSW,Illawarra+SE,Coastal
2602,Illawarra & South East NSW,Illawarra+SE,Coastal
2603,Illawarra & South East NSW,Illawarra+SE,Coastal
2604,Illawarra & South East NSW,Illawarra+SE,Coastal
2605,Illawarra & South East NSW,Illawarra+SE,Coastal
2606,Illawarra & South East NSW,Illawarra+SE,Coastal
2607,Illawarra & South East NSW,Illawarra+SE,Coastal
2608,Illawarra & South East NSW,Illawarra+SE,Coastal
2609,Illawarra & South East NSW,Illawarra+SE,Coastal
2610,Illawarra & South East NSW,Illawarra+SE,Coastal
2611,Illawarra & South East NSW,Illawarra+SE,Coastal
2612,Illawarra & South East NSW,Illawarra+SE,Coastal
2613,Illawarra & South East NSW,Illawarra+SE,Coastal
2614,Illawarra & South East NSW,Illawarra+SE,Coastal
2615,Illawarra & South East NSW,Illawarra+SE,Coastal
2616,Illawarra & South East NSW,Illawarra+SE,Coastal
2617,Illawarra & South East NSW,Illawarra+SE,Coastal
2618,Illawarra & South East NSW,Illawarra+SE,Coastal
2619,Illawarra & South East NSW,Illawarra+SE,Coastal
2620,Illawarra & South East NSW,Illawarra+SE,Coastal
2621,Illawarra & South East NSW,Illawarra+SE,Coastal
2622,Illawarra & South East NSW,Illawarra+SE,Coastal
2623,Illawarra & South East NSW,Illawarra+SE,Coastal
2624,Illawarra & South East NSW,Illawarra+SE,Coastal
2625,Illawarra & South East NSW,Illawarra+SE,Coastal
2626,Illawarra & South East NSW,Illawarra+SE,Coastal
2627,Illawarra & South East NSW,Illawarra+SE,Coastal
2628,Illawarra & South East NSW,Illawarra+SE,Coastal
2629,Illawarra & South East NSW,Illawarra+SE,Coastal
2630,Illawarra & South East NSW,Illawarra+SE,Coastal
2631,Illawarra & South East NSW,Illawarra+SE,Coastal
2632,Illawarra & South East NSW,Illawarra+SE,Coastal
2633,Illawarra & South East NSW,Illawarra+SE,Coastal
2640,Riverina,Riverina,Inland
2641,Riverina,Riverina,Inland
2642,Riverina,Riverina,Inland
2643,Riverina,Riverina,Inland
2644,Riverina,Riverina,Inland
2645,Riverina,Riverina,Inland
2646,Riverina,Riverina,Inland
2647,Riverina,Riverina,Inland
2648,Riverina,Riverina,Inland
2649,Riverina,Riverina,Inland
2650,Riverina,Riverina,Inland
2651,Riverina,Riverina,Inland
2652,Riverina,Riverina,Inland
2653,Riverina,Riverina,Inland
2654,Riverina,Riverina,Inland
2655,Riverina,Riverina,Inland
2656,Riverina,Riverina,Inland
2657,Riverina,Riverina,Inland
2658,Riverina,Riverina,Inland
2659,Riverina,Riverina,Inland
2660,Riverina,Riverina,Inland
2661,Riverina,Riverina,Inland
2662,Riverina,Riverina,Inland
2663,Riverina,Riverina,Inland
2665,Riverina,Riverina,Inland
2666,Riverina,Riverina,Inland
2667,Riverina,Riverina,Inland
2668,Riverina,Riverina,Inland
2669,Riverina,Riverina,Inland
2671,Western NSW,Western NSW,Inland
2672,Western NSW,Western NSW,Inland
2675,Riverina,Riverina,Inland
2678,Riverina,Riverina,Inland
2680,Riverina,Riverina,Inland
2681,Riverina,Riverina,Inland
2682,Riverina,Riverina,Inland
2683,Riverina,Riverina,Inland
2684,Riverina,Riverina,Inland
2685,Riverina,Riverina,Inland
2686,Riverina,Riverina,Inland
2687,Riverina,Riverina,Inland
2688,Riverina,Riverina,Inland
2689,Riverina,Riverina,Inland
2690,Riverina,Riverina,Inland
2691,Riverina,Riverina,Inland
2692,Riverina,Riverina,Inland
2693,Riverina,Riverina,Inland
2694,Riverina,Riverina,Inland
2695,Riverina,Riverina,Inland
2696,Riverina,Riverina,Inland
2697,Riverina,Riverina,Inland
2698,Riverina,Riverina,Inland
2699,Riverina,Riverina,Inland
2700,Riverina,Riverina,Inland
2701,Riverina,Riverina,Inland
2702,Riverina,Riverina,Inland
2703,Riverina,Riverina,Inland
2704,Riverina,Riverina,Inland
2705,Riverina,Riverina,Inland
2706,Riverina,Riverina,Inland
2707,Riverina,Riverina,Inland
2708,Riverina,Riverina,Inland
2709,Riverina,Riverina,Inland
2710,Riverina,Riverina,Inland
2711,Riverina,Riverina,Inland
2712,Riverina,Riverina,Inland
2713,Riverina,Riverina,Inland
2714,Riverina,Riverina,Inland
2715,Riverina,Riverina,Inland
2716,Riverina,Riverina,Inland
2717,Riverina,Riverina,Inland
2720,Riverina,Riverina,Inland
2721,Western NSW,Western NSW,Inland
2722,Riverina,Riverina,Inland
2723,Riverina,Riverina,Inland
2724,Riverina,Riverina,Inland
2725,Riverina,Riverina,Inland
2726,Riverina,Riverina,Inland
2727,Riverina,Riverina,Inland
2728,Riverina,Riverina,Inland
2729,Riverina,Riverina,Inland
2730,Riverina,Riverina,Inland
2731,Riverina,Riverina,Inland
2732,Riverina,Riverina,Inland
2733,Riverina,Riverina,Inland
2734,Riverina,Riverina,Inland
2735,Riverina,Riverina,Inland
2736,Riverina,Riverina,Inland
2737,Riverina,Riverina,Inland
2738,Riverina,Riverina,Inland
2739,Riverina,Riverina,Inland
2745,Western Sydney & Blue Mountains,W Sydney +BM,Metro
2746,Western Sydney & Blue Mountains,W Sydney +BM,Metro
2747,Western Sydney & Blue Mountains,W Sydney +BM,Metro
2748,Western Sydney & Blue Mountains,W Sydney +BM,Metro
2749,Western Sydney & Blue Mountains,W Sydney +BM,Metro
2750,Western Sydney & Blue Mountains,W Sydney +BM,Metro
2751,Western Sydney & Blue Mountains,W Sydney +BM,Metro
2752,Southern & South Western Sydney,S+SW Sydney,Metro
2753,Western Sydney & Blue Mountains,W Sydney +BM,Metro
2754,Western Sydney & Blue Mountains,W Sydney +BM,Metro
2755,Western Sydney & Blue Mountains,W Sydney +BM,Metro
2756,Western Sydney & Blue Mountains,W Sydney +BM,Metro
2757,Western Sydney & Blue Mountains,W Sydney +BM,Metro
2758,Western Sydney & Blue Mountains,W Sydney +BM,Metro
2759,Western Sydney & Blue Mountains,W Sydney +BM,Metro
2760,Western Sydney & Blue Mountains,W Sydney +BM,Metro
2761,Western Sydney & Blue Mountains,W Sydney +BM,Metro
2762,Western Sydney & Blue Mountains,W Sydney +BM,Metro
2763,Western Sydney & Blue Mountains,W Sydney +BM,Metro
2764,Western Sydney & Blue Mountains,W Sydney +BM,Metro
2765,Western Sydney & Blue Mountains,W Sydney +BM,Metro
2766,Western Sydney & Blue Mountains,W Sydney +BM,Metro
2767,Western Sydney & Blue Mountains,W Sydney +BM,Metro
2768,Western Sydney & Blue Mountains,W Sydney +BM,Metro
2769,Western Sydney & Blue Mountains,W Sydney +BM,Metro
2770,Western Sydney & Blue Mountains,W Sydney +BM,Metro
2771,Western Sydney & Blue Mountains,W Sydney +BM,Metro
2772,Western Sydney & Blue Mountains,W Sydney +BM,Metro
2773,Western Sydney & Blue Mountains,W Sydney +BM,Metro
2774,Western Sydney & Blue Mountains,W Sydney +BM,Metro
2775,Western Sydney & Blue Mountains,W Sydney +BM,Metro
2776,Western Sydney & Blue Mountains,W Sydney +BM,Metro
2777,Western Sydney & Blue Mountains,W Sydney +BM,Metro
2778,Western Sydney & Blue Mountains,W Sydney +BM,Metro
2779,Western Sydney & Blue Mountains,W Sydney +BM,Metro
2780,Western Sydney & Blue Mountains,W Sydney +BM,Metro
2781,Western Sydney & Blue Mountains,W Sydney +BM,Metro
2782,Western Sydney & Blue Mountains,W Sydney +BM,Metro
2783,Western Sydney & Blue Mountains,W Sydney +BM,Metro
2784,Western Sydney & Blue Mountains,W Sydney +BM,Metro
2785,Western Sydney & Blue Mountains,W Sydney +BM,Metro
2786,Western Sydney & Blue Mountains,W Sydney +BM,Metro
2787,Western NSW,Western NSW,Inland
2788,Western NSW,Western NSW,Inland
2789,Western NSW,Western NSW,Inland
2790,Western NSW,Western NSW,Inland
2791,Western NSW,Western NSW,Inland
2792,Western NSW,Western NSW,Inland
2793,Western NSW,Western NSW,Inland
2794,Western NSW,Western NSW,Inland
2795,Western NSW,Western NSW,Inland
2796,Western NSW,Western NSW,Inland
2797,Western NSW,Western NSW,Inland
2798,Western NSW,Western NSW,Inland
2799,Western NSW,Western NSW,Inland
2800,Western NSW,Western NSW,Inland
2803,Riverina,Riverina,Inland
2804,Western NSW,Western NSW,Inland
2805,Western NSW,Western NSW,Inland
2806,Western NSW,Western NSW,Inland
2807,Riverina,Riverina,Inland
2808,Western NSW,Western NSW,Inland
2809,Western NSW,Western NSW,Inland
2810,Western NSW,Western NSW,Inland
2811,Western NSW,Western NSW,Inland
2812,Western NSW,Western NSW,Inland
2813,Western NSW,Western NSW,Inland
2814,Western NSW,Western NSW,Inland
2815,Western NSW,Western NSW,Inland
2816,Western NSW,Western NSW,Inland
2817,Western NSW,Western NSW,Inland
2818,Western NSW,Western NSW,Inland
2819,Western NSW,Western NSW,Inland
2820,Western NSW,Western NSW,Inland
2821,Western NSW,Western NSW,Inland
2822,Western NSW,Western NSW,Inland
2823,Western NSW,Western NSW,Inland
2824,Western NSW,Western NSW,Inland
2825,Western NSW,Western NSW,Inland
2826,Western NSW,Western NSW,Inland
2827,Western NSW,Western NSW,Inland
2828,Western NSW,Western NSW,Inland
2829,Western NSW,Western NSW,Inland
2830,Western NSW,Western NSW,Inland
2831,Western NSW,Western NSW,Inland
2832,Western NSW,Western NSW,Inland
2833,Western NSW,Western NSW,Inland
2834,Western NSW,Western NSW,Inland
2835,Western NSW,Western NSW,Inland
2836,Western NSW,Western NSW,Inland
2837,Western NSW,Western NSW,Inland
2838,Western NSW,Western NSW,Inland
2839,Western NSW,Western NSW,Inland
2840,Western NSW,Western NSW,Inland
2841,Western NSW,Western NSW,Inland
2842,Western NSW,Western NSW,Inland
2843,Western NSW,Western NSW,Inland
2844,Western NSW,Western NSW,Inland
2845,Western NSW,Western NSW,Inland
2846,Western NSW,Western NSW,Inland
2847,Western NSW,Western NSW,Inland
2848,Western NSW,Western NSW,Inland
2849,Western NSW,Western NSW,Inland
2850,Western NSW,Western NSW,Inland
2851,Western NSW,Western NSW,Inland
2852,Western NSW,Western NSW,Inland
2853,Western NSW,Western NSW,Inland
2854,Western NSW,Western NSW,Inland
2855,Western NSW,Western NSW,Inland
2856,Western NSW,Western NSW,Inland
2857,Western NSW,Western NSW,Inland
2858,Western NSW,Western NSW,Inland
2859,Western NSW,Western NSW,Inland
2860,Western NSW,Western NSW,Inland
2861,Western NSW,Western NSW,Inland
2862,Western NSW,Western NSW,Inland
2863,Western NSW,Western NSW,Inland
2864,Western NSW,Western NSW,Inland
2865,Western NSW,Western NSW,Inland
2866,Western NSW,Western NSW,Inland
2867,Western NSW,Western NSW,Inland
2868,Western NSW,Western NSW,Inland
2869,Western NSW,Western NSW,Inland
2870,Western NSW,Western NSW,Inland
2871,Western NSW,Western NSW,Inland
2872,Western NSW,Western NSW,Inland
2873,Western NSW,Western NSW,Inland
2874,Western NSW,Western NSW,Inland
2875,Western NSW,Western NSW,Inland
2876,Western NSW,Western NSW,Inland
2877,Western NSW,Western NSW,Inland
2878,Western NSW,Western NSW,Inland
2879,Western NSW,Western NSW,Inland
2880,Western NSW,Western NSW,Inland
2898,North Coast & Mid North Coast,N+MN Coast,Coastal
2899,North Coast & Mid North Coast,N+MN Coast,Coastal
2900,Illawarra & South East NSW,Illawarra+SE,Coastal
2901,Illawarra & South East NSW,Illawarra+SE,Coastal
2902,Illawarra & South East NSW,Illawarra+SE,Coastal
2903,Illawarra & South East NSW,Illawarra+SE,Coastal
2904,Illawarra & South East NSW,Illawarra+SE,Coastal
2905,Illawarra & South East NSW,Illawarra+SE,Coastal
2906,Illawarra & South East NSW,Illawarra+SE,Coastal
2907,Illawarra & South East NSW,Illawarra+SE,Coastal
2908,Illawarra & South East NSW,Illawarra+SE,Coastal
2909,Illawarra & South East NSW,Illawarra+SE,Coastal
2910,Illawarra & South East NSW,Illawarra+SE,Coastal
2911,Illawarra & South East NSW,Illawarra+SE,Coastal
2912,Illawarra & South East NSW,Illawarra+SE,Coastal
2913,Illawarra & South East NSW,Illawarra+SE,Coastal
2914,Illawarra & South East NSW,Illawarra+SE,Coastal
3644,Riverina,Riverina,Inland
4383,New England,New England,Inland
